URL,Type,Keyword,Occurrences
https://www.neosofttech.com/,HTML,neosoft,16
https://www.neosofttech.com/services/enterprise-digital-transformation,HTML,neosoft,6
https://www.neosofttech.com/services/team-augmentation,HTML,neosoft,7
https://www.neosofttech.com/services/java-development-company,HTML,neosoft,3
https://www.neosofttech.com/services/php-development-company,HTML,neosoft,3
https://www.neosofttech.com/services/python-development-company,HTML,neosoft,3
https://www.neosofttech.com/services/reactjs-development-company,HTML,neosoft,3
https://www.neosofttech.com/services/net-development-company,HTML,neosoft,3
https://www.neosofttech.com/services/ui-ux-development-company,HTML,neosoft,3
https://www.neosofttech.com/services/front-end-development-company,HTML,neosoft,3
https://www.neosofttech.com/services/ios-development-company,HTML,neosoft,3
https://www.neosofttech.com/services/android-development-company,HTML,neosoft,3
https://www.neosofttech.com/services/flutter-development-company,HTML,neosoft,3
https://www.neosofttech.com/services/nodejs-development-company,HTML,neosoft,3
https://www.neosofttech.com/services/angular-development-company,HTML,neosoft,3
https://www.neosofttech.com/services/devops-development-company,HTML,neosoft,3
https://www.neosofttech.com/services/big-data-development-company,HTML,neosoft,3
https://www.neosofttech.com/services/app-development,HTML,neosoft,7
https://www.neosofttech.com/services/cloud-computing,HTML,neosoft,5
https://www.neosofttech.com/services/devops,HTML,neosoft,6
https://www.neosofttech.com/services/big-data-and-analytics,HTML,neosoft,4
https://www.neosofttech.com/services/artificial-intelligence-machine-learning,HTML,neosoft,5
https://www.neosofttech.com/services/software-qa-and-testing,HTML,neosoft,4
https://www.neosofttech.com/services/internet-of-things-iot,HTML,neosoft,3
https://www.neosofttech.com/services/blockchain,HTML,neosoft,3
https://www.neosofttech.com/services/user-experience-and-user-interface-design,HTML,neosoft,7
https://www.neosofttech.com/services/product-development,HTML,neosoft,5
https://www.neosofttech.com/services/ims,HTML,neosoft,7
https://www.neosofttech.com/services/data-science,HTML,neosoft,11
https://www.neosofttech.com/services/innovation-lab,HTML,neosoft,11
https://www.neosofttech.com/industries/ecommerce-software-development,HTML,neosoft,8
https://www.neosofttech.com/industries/financial-it-services,HTML,neosoft,11
https://www.neosofttech.com/professional-services,HTML,neosoft,6
https://www.neosofttech.com/industries/healthcare-it-services,HTML,neosoft,16
